brand,screenTech,screenSize,energy
Samsung,LED,40,84
Hisense,LED,65,110
Sony,OLED,32,102
Sony,LCD,40,99
Sony,LED,32,90
Sony,LED,55,85
TCL,LCD,58,126
LG,LED,50,118
Hisense,LED,55,149
Sony,LCD,32,87
Kogan,LCD,55,113
Kogan,LED,55,96
Samsung,LED,50,94
TCL,LED,75,178
Sony,OLED,85,188
Samsung,LED,50,101
LG,LED,50,92
TCL,LED,58,104
LG,LCD,58,111
Samsung,LED,50,109
Sony,LED,43,92
TCL,LCD,55,106
LG,LCD,58,120
Hisense,LCD,65,119
Kogan,LCD,40,76
Kogan,LED,55,125
Samsung,LCD,43,83
Sony,LED,58,121
LG,OLED,40,100
Samsung,LED,32,79
Hisense,LCD,43,68
Samsung,LED,32,60
LG,LCD,55,105
Kogan,LED,50,87
TCL,LED,32,78
Kogan,OLED,50,161
LG,LED,32,74
Sony,LCD,65,130
Samsung,LED,32,87
TCL,OLED,65,157
LG,LCD,32,60
Sony,OLED,43,121
Kogan,LED,75,155
Sony,LED,55,89
TCL,OLED,75,247
Kogan,LCD,32,86
Samsung,OLED,43,123
Hisense,OLED,75,173
Samsung,LED,65,142
Samsung,LED,43,88
Kogan,LCD,55,124
Samsung,OLED,85,242
Hisense,OLED,50,153
Hisense,LCD,75,152
Kogan,LED,40,112
Hisense,LCD,55,107
Hisense,LCD,32,49
Sony,OLED,55,178
LG,LCD,40,96
Kogan,LCD,55,98
Samsung,LED,75,159
Hisense,LED,58,104
Samsung,OLED,65,195
TCL,LCD,50,73
LG,LED,75,119
LG,LED,43,108
Hisense,LCD,58,92
TCL,OLED,32,97
TCL,LED,55,120
Samsung,LCD,85,153
LG,LED,65,140
TCL,OLED,32,79
Hisense,LED,58,81
Kogan,LED,85,154
Hisense,LCD,75,123
LG,LED,58,127
Sony,LED,43,82
LG,OLED,58,125
Samsung,LCD,58,91
Sony,LED,43,60
Hisense,LCD,58,122
Sony,LED,40,121
Kogan,LCD,40,91
Samsung,LCD,40,97
Hisense,LED,75,134
TCL,LCD,55,78
Sony,LED,50,127
Hisense,LED,58,102
Kogan,LCD,75,146
Sony,OLED,58,140
Kogan,LED,32,74
Kogan,LCD,58,141
TCL,OLED,32,102
Samsung,OLED,55,155
Hisense,LCD,75,139
LG,LCD,43,120
Hisense,LED,43,103
TCL,LCD,85,145
Samsung,OLED,55,165
Samsung,LED,58,120
Hisense,LED,32,93
TCL,OLED,43,98
TCL,LED,65,166
TCL,LED,58,108
LG,LED,85,175
Hisense,LCD,75,147
Hisense,LED,43,113
Kogan,LED,55,146
Sony,LED,65,177
Sony,OLED,32,122
Hisense,OLED,43,131
LG,LCD,50,99
Kogan,LCD,75,150
Sony,OLED,65,154
Hisense,LCD,85,141
Sony,OLED,58,148
TCL,OLED,65,164
Kogan,LED,55,111
LG,LCD,58,109
TCL,OLED,40,105
Sony,OLED,32,74
TCL,OLED,43,104
LG,LED,85,141
Sony,LED,40,81
Hisense,LCD,43,81
LG,LCD,40,72
Samsung,LCD,32,101
LG,LED,43,62
Kogan,LED,58,125
Samsung,LCD,65,105
Hisense,LED,75,177
LG,LED,55,109
Kogan,LCD,65,113
Sony,OLED,55,162
Kogan,LCD,65,153
Sony,LED,50,92
Sony,LED,40,102
Hisense,LCD,43,86
Hisense,LCD,40,105
Sony,LED,50,93
Samsung,LCD,75,135
LG,LED,50,79
Sony,LED,85,169
TCL,LED,43,86
LG,LED,43,117
Samsung,LCD,55,86
Sony,LCD,58,104
LG,OLED,43,81
TCL,LCD,32,105
TCL,OLED,32,81
